Country,Year,GDP_Growth_Percent,Inflation_Rate_Percent,Tech_Sector_Investment_M_EUR,Unemployment_Rate_Percent
Poland,2018,4.14,1.62,957.1,3.71
Poland,2019,3.94,2.34,1009.9,3.66
Poland,2020,-2.08,0.82,1036.5,4.49
Poland,2021,8.03,3.76,1122.2,4.16
Poland,2022,5.22,9.57,1178.7,3.52
Poland,2023,3.51,6.66,1248.7,3.44
Poland,2024,4.16,3.37,1318.3,3.54
Poland,2025,4.55,2.68,1442.0,3.92
Germany,2018,1.54,1.98,4549.1,3.35
Germany,2019,1.53,1.89,4934.2,3.24
Germany,2020,-4.3,0.44,5003.2,4.09
Germany,2021,5.58,3.39,5336.8,3.54
Germany,2022,3.14,8.99,5670.7,2.95
Germany,2023,0.47,6.45,6161.5,3.16
Germany,2024,0.87,3.28,6609.9,3.17
Germany,2025,2.19,2.31,7211.9,3.42
France,2018,2.04,1.72,3261.0,8.39
France,2019,1.22,1.51,3608.5,8.08
France,2020,-3.92,0.55,3680.9,9.36
France,2021,6.61,3.47,3919.4,8.71
France,2022,3.26,8.81,4326.5,8.13
France,2023,0.8,5.78,4675.1,8.4
France,2024,0.99,2.64,5084.8,8.24
France,2025,2.19,2.04,5455.5,8.33
Netherlands,2018,2.7,1.72,2093.1,4.09
Netherlands,2019,1.41,2.08,2265.2,3.67
Netherlands,2020,-4.03,1.01,2315.7,4.54
Netherlands,2021,6.65,4.06,2468.1,4.35
Netherlands,2022,3.7,8.94,2720.4,3.67
Netherlands,2023,1.2,6.31,2881.4,3.64
Netherlands,2024,2.16,3.23,3117.1,3.91
Netherlands,2025,1.9,2.16,3446.7,3.71
Spain,2018,2.68,1.47,1580.2,14.92
Spain,2019,2.38,1.76,1705.3,14.53
Spain,2020,-4.13,0.61,1713.5,15.91
Spain,2021,6.78,3.24,1888.9,15.21
Spain,2022,3.72,8.47,2066.1,14.62
Spain,2023,1.2,5.55,2249.9,14.9
Spain,2024,1.94,2.71,2392.8,14.75
Spain,2025,2.34,1.87,2544.0,14.89
Italy,2018,0.47,1.1,1435.6,9.89
Italy,2019,0.96,0.86,1565.0,9.6
Italy,2020,-5.39,-0.09,1612.1,10.97
Italy,2021,5.37,3.23,1711.1,10.42
Italy,2022,2.0,8.44,1844.6,9.57
Italy,2023,0.33,5.64,1947.7,9.89
Italy,2024,0.5,2.37,2074.1,10.04
Italy,2025,0.79,1.56,2212.5,9.97
Sweden,2018,1.75,2.14,1872.9,6.48
Sweden,2019,1.75,1.64,2060.4,6.4
Sweden,2020,-3.53,1.34,2074.8,7.44
Sweden,2021,6.49,3.57,2185.9,6.76
Sweden,2022,3.38,9.69,2398.0,6.01
Sweden,2023,1.16,6.24,2661.1,6.38
Sweden,2024,1.76,3.47,2841.5,6.26
Sweden,2025,2.67,2.46,3111.1,6.52
Czechia,2018,2.56,2.27,660.7,2.4
Czechia,2019,2.36,2.77,701.1,1.93
Czechia,2020,-2.9,1.54,704.1,3.09
Czechia,2021,7.89,4.0,765.5,2.74
Czechia,2022,4.42,9.77,846.7,2.01
Czechia,2023,1.9,6.87,909.2,2.0
Czechia,2024,2.87,3.54,995.6,2.23
Czechia,2025,2.77,2.77,1104.9,2.6
